{
    "loss": 8.56490707397461,
    "accuracy": 0.5035971403121948
}